frame_idx,timestamp_us,phase
0,7739595098000,pre
1,7739598572000,pre
2,7739602046000,pre
3,7739605519000,pre
4,7739608993000,pre
5,7739612467000,pre
6,7739615940000,pre
7,7739619414000,pre
8,7739626362000,pre
9,7739629835000,pre
10,7739633309000,pre
11,7739636782000,pre
12,7739643730000,pre
13,7739647203000,pre
14,7739654153000,pre
15,7739657633000,post
16,7739661098000,post
17,7739664571000,post
18,7739668045000,post
19,7739674994000,post
20,7739678465000,post
21,7739681939000,post
22,7739688889000,post
23,7739692360000,post
24,7739695833000,post
25,7739699307000,post
26,7739702781000,post
27,7739709728000,post
28,7739713203000,post
29,7739720149000,post
30,7739723622000,post
31,7739730569000,post
32,7739734043000,post
33,7739737516000,post
34,7739740990000,post
35,7739747937000,post
36,7739751411000,post
37,7739754884000,post
38,7739758358000,post
39,7739761832000,post
40,7739765305000,post
41,7739772253000,post
42,7739775726000,post
43,7739779200000,post
44,7739786147000,post
